repo,issue_url,Defect Pattern,description,status,impact,layer,Host/server Repository,resolution_url,fix,source_location,
webfansplz/vite-plugin-vue-mcp,https://github.com/webfansplz/vite-plugin-vue-mcp/issues/1,Server Launch Context Mismatch,Plugin parsed `.cursor/mcp.json`; empty/invalid content threw 'Unexpected end of JSON input' and blocked MCP init.,closed,UNR,Host,Server ,https://github.com/webfansplz/vite-plugin-vue-mcp/commit/e45a0ae56fffbc84e60b1000ee6ddb8786ef9f23,Add safe fallback when parsing (default `{}`) so bootstrap and discovery can proceed.,src/index.ts
lastmile-ai/mcp-agent,https://github.com/lastmile-ai/mcp-agent/issues/31,Server Launch Context Mismatch,Agent startup aborted because programmatic settings weren't stored in the global registry; lookup found no servers.,closed,UNR,Host,Host,https://github.com/lastmile-ai/mcp-agent/commit/91a690476e41b699374bd45abe706c78d6a9ab58,Store settings globally via `initialize_context(...store_globally=True)`.,src/mcp_agent/app.py:124,
lastmile-ai/mcp-agent,https://github.com/lastmile-ai/mcp-agent/issues/20,Server Launch Context Mismatch,"YAML schema lacked an `env` section; server env vars were silently dropped, leading to missing tokens and early exit.",closed,UNR,Host,Host,https://github.com/lastmile-ai/mcp-agent/pull/18,Add `env` schema key and explicitly merge env.,schema/mcp-agent.config.schema.json:575-590
grab/cursor-talk-to-figma-mcp,https://github.com/grab/cursor-talk-to-figma-mcp/issues/92,Server Launch Context Mismatch,Cursor showed '0 tools enabled'. Root cause: relative paths in mcpServers config; host couldn't spawn/locate the server.,closed,UNR,Host,Server ,https://github.com/grab/cursor-talk-to-figma-mcp/issues/92#issuecomment-3043407017,Use absolute paths for both `command` and `args` in the mcpServers config.,src/talk_to_figma_mcp/server.ts,,
grab/cursor-talk-to-figma-mcp,https://github.com/grab/cursor-talk-to-figma-mcp/issues/9,Platform-Incorrect Server Launch,"In WSL2, launching via bun with Linux paths from a Windows context led to 'No tools available'/'Client closed'.",closed,UNR|UIX,Host,Server ,,Launch within a single OS context or map paths consistently (absolute paths).,,,
grab/cursor-talk-to-figma-mcp,https://github.com/grab/cursor-talk-to-figma-mcp/issues/19,Platform-Incorrect Server Launch,"Similar WSL/Windows path mismatch blocked server bootstrap, preventing Host↔Server discovery and tool enablement.",closed,UNR,Host,Server ,https://github.com/grab/cursor-talk-to-figma-mcp/issues/9#issuecomment-2745099572,Apply the same canonical fix: install Bun on Windows and switch to absolute paths in `mcp.json` so the Host spawns the server in the correct OS context.,mcpServers config (Cursor settings),,
grab/cursor-talk-to-figma-mcp,https://github.com/grab/cursor-talk-to-figma-mcp/issues/7,Platform-Incorrect Server Launch,Another instance of cross-environment path/launcher mismatch causing integration to fail before discovery/negotiation.,open,UNR,Host,Server ,https://github.com/grab/cursor-talk-to-figma-mcp/issues/9#issuecomment-2745099572,Use the same resolution steps as #9: Bun install via PowerShell and absolute Windows paths in `mcp.json` for `command` and `args`.,mcpServers config (Cursor settings),,
LSTM-Kirigaya/openmcp-client,https://github.com/LSTM-Kirigaya/openmcp-client/issues/19,Platform-Incorrect Server Launch,MCP client misdetected the Node.js runtime path and failed to spawn the MCP server.,closed,UNR,MCP-Client,Host,https://github.com/LSTM-Kirigaya/openmcp-client/commit/21eea008181fe636bab7a9adb56f96c2e079b602,Removed redundant STDIO validation to allow proper client-server bootstrap.,src/openmcp_client/stdio_manager.py:88,,
continuedev/continue,https://github.com/continuedev/continue/issues/4874,Platform-Incorrect Server Launch,"On Windows, `npx` appeared in PATH but could not be invoked from the host due to missing `cmd.exe /c` wrapping; prevented MCP server startup via `npx` transports.",closed,UNR,MCP-Client,Host,https://github.com/continuedev/continue/pull/5631,"Wrap all batch-script transports (e.g., `npx`, `uvx`) with `cmd.exe /c` on Windows.",src/features/mcp/MCPConnection.ts,,
continuedev/continue,https://github.com/continuedev/continue/issues/4791,Platform-Incorrect Server Launch,Shell-based transports such as `uvx` or `deno` failed to launch on Windows because their batch entrypoints were not shell-wrapped.,closed,UNR,MCP-Client,Host,https://github.com/continuedev/continue/pull/5631,Shell-wrap transports using `cmd.exe /c` if the executable is a `.cmd`/`.bat` or unresolved alias.,src/features/mcp/MCPConnection.ts,,
continuedev/continue,https://github.com/continuedev/continue/issues/4913,Platform-Incorrect Server Launch,"Host failed to retry alternative transport paths when the primary executable failed to launch, making Windows bootstrap brittle.",closed,UNR|PRF,MCP-Client,Host,https://github.com/continuedev/continue/pull/5631,Improve path resolution and fallback behavior; add tests for alternate wrapping.,src/features/mcp/MCPConnection.ts,,
All-Hands-AI/OpenHands,https://github.com/OpenHands/OpenHands/issues/8285,Unrecoverable MCPServer Session,"SSE servers configured via mcp.sse_servers connected but runtime also pursued an internal/sandbox SSE path, leading to validation errors and ClosedResourceError when invoking tools.",closed,UNR,MCP-Host,Host,https://github.com/All-Hands-AI/OpenHands/pull/8353/commits/3a025d323ad614df6806c97e19b225d19007b236,Skip POST /update_mcp_server when no stdio servers; validate SSE path with new integration test; ensures SSE-only setups work.,openhands/runtime/impl/action_execution/action_execution_client.py,,
continuedev/continue,https://github.com/continuedev/continue/issues/6508,Platform-Incorrect Server Launch,Host fails to connect to JetBrains MCP Proxy via npx stdio; handshake never completes.,open,UNR,MCP-Host,Host,,,,,
grab/cursor-talk-to-figma-mcp,https://github.com/grab/cursor-talk-to-figma-mcp/issues/98,Server Launch Context Mismatch,`join_channel` was invoked with missing parameters from host config; caused downstream plugin interaction failure.,open,UNR,MCP-Host,Server ,https://github.com/grab/cursor-talk-to-figma-mcp/issues/96#issuecomment-3064467774,Ensure host sends fully resolved parameter payloads during MCP handshake.,src/index.ts,,
jlowin/fastmcp,https://github.com/jlowin/fastmcp/issues/585,Server Launch Context Mismatch,"Using `/mcp` instead of `/mcp/` redirected and raced, ending with `RuntimeError: Received request before initialization was complete`.",closed,UNR,MCP-Server,Server ,https://github.com/jlowin/fastmcp/pull/1387/commits/ede6bc008afc1348600c614437d61f5b04d2599e,Accept both paths or clearly require `/mcp/`; tighten routing/redirects to avoid pre-init requests.,fastmcp/server/http.py; mcp/server/streamable_http_manager.py,,
jlowin/fastmcp,https://github.com/jlowin/fastmcp/issues/1364,Server Launch Context Mismatch,`/mcp` behind API gateway trimmed slash and broke routing to the MCP app; 307 redirects caused failures.,closed,UNR,MCP-Server,Server ,https://github.com/jlowin/fastmcp/commit/ede6bc0,Handle both `/mcp` and `/mcp/` (Route vs Mount) to avoid 307 loops.,fastmcp/server/http.py,,
microsoft/azure-devops-mcp,https://github.com/microsoft/azure-devops-mcp/issues/209,Platform-Incorrect Server Launch,"WSL launch via `npx -y @azure-devops/mcp <org>` misparsed `<org>` as an npm package (orgname@latest), exiting before initialize and breaking the handshake; on Windows the server never responded to initialize and then exited.",closed,UNR,MCP-Server,Server ,,Harden command/arg parsing and quoting; require supported Node/npm; treat `<org>` strictly as positional arg and surface a clear error instead of hanging.,mcp.json,,
MarkusPfundstein/mcp-obsidian,https://github.com/MarkusPfundstein/mcp-obsidian/issues/3,Inactivity timeout,"Obsidian REST API PatchFailed errors weren't surfaced to the client, causing timeouts and leaving the plugin unresponsive; no incorrect result was produced.",closed,UNR|UIX,MCP-Server,Server ,https://github.com/MarkusPfundstein/mcp-obsidian/pull/69,Server now catches PatchFailed and returns explicit failure responses.,src/mcp_obsidian/obsidian.py|src/mcp_obsidian/tools.py,,
cso1z/Feishu-MCP,https://github.com/cso1z/Feishu-MCP/pull/10,Inactivity timeout,Feishu MCP server adapter closed connections after idle; clients could not issue multiple tools in one session.,closed,PRF,MCP-Server,Server ,https://github.com/cso1z/Feishu-MCP/pull/10/commits/a937921c598f2b6713d0ffc9310bef87858fc03b,Implement SSE keepalive/heartbeat in Feishu MCP adapter.,src/server.ts,,
triggerdotdev/trigger.dev,https://github.com/triggerdotdev/trigger.dev/issues/2134,Inactivity timeout,"SSE stream in MCP server is closed after ~5 min of inactivity due to idle body timeout, causing all subsequent MCP calls to fail until the MCP session is restarted.",open,UNR,MCP-Server,Server ,,(proposed solution in issue) send periodic SSE heartbeat keep-alive messages to prevent idle timeout.,,,
anthropics/claude-code,https://github.com/anthropics/claude-code/issues/605,Unrecoverable MCPServer Session,Claude Code should be able to reset an MCP server within one session. A stated use case is developing and debugging new MCP servers.,closed,UNR,MCP Host,Host,,"Detect transport disconnects, automatically reconnect and re-establish the MCP client session, and support retry or resumption for in-progress operations such as resource polling so workflows can complete without restarting the Claude process.",,,
anthropics/claude-code,https://github.com/anthropics/claude-code/issues/10071,Unrecoverable MCPServer Session,"The user reports that MCP connections (example: Atlassian) drop due to authentication timeouts, and that Claude Code currently detects the failure but requires the user to manually run /mcp and navigate reconnection steps, which breaks flow and can happen many times per session.",open,INC,MCP Host,Host,,"Add a first-class reconnection flow where Claude can request permission, trigger same-session reconnection for already-authorized services, and automatically retry the failed operation, with an option to avoid repeated prompts for the remainder of the session",,,
anthropics/claude-code,https://github.com/anthropics/claude-code/issues/1026,Unrecoverable MCPServer Session,The issue requests an in-session reset/reconnect mechanism for an MCP server in Claude Code so developers can restart or reload MCP servers during development without having to restart the Claude Code process or lose the current session flow,closed,UNR,MCP Host,Host,,"Add first-class reconnection support that detects disconnects, tears down the stale transport/session, re-establishes the connection, re-runs capability discovery, and optionally retries or resumes in-progress MCP operations within the same Claude Code run.",,,
QwenLM/Qwen-Agent,https://github.com/QwenLM/Qwen-Agent/issues/514,Non-Actionable Capability Exposure,"Server exposes resources, but the client did not call `list_resources`/`read_resource`, relying on guesswork and leaving resources unused during discovery/execution.",closed,INC,MCP-Client,Host,https://github.com/QwenLM/Qwen-Agent/commit/aaca730cefa90f398510e71dc4156b507a82ed7f,Implement explicit resource consumption in the MCP manager: track advertised resources and expose `list_resources` and `read_resource` so callers fetch/use them.,qwen_agent/tools/mcp_manager.py,,
microsoft/autogen,https://github.com/microsoft/autogen/issues/6652,Non-Actionable Capability Exposure,"Server advertises prompts but the caller never invokes `get_prompt(...)`, so workflows start without the structured prompt.",open,INC,MCP-Client,Host,,Invoke prompt discovery (`get_prompt`) in the caller before agent start to consume advertised capabilities.,,,
browser-use/browser-use,https://github.com/browser-use/browser-use/issues/2453,Distorted Tool Definition,"MCP client reduced nested JSON Schema `object` params to a plain dict, dropping inner properties; tools received malformed args.",closed,INC,MCP-Client,Host,https://github.com/browser-use/browser-use/pull/2455,Recursively build nested Pydantic models in `_json_schema_to_python_type` for `object` with `properties`; add `test_mcp_nested_object_parameters` and serialize with `model_dump(exclude_none=True)`.,browser_use/mcp/client.py,,
makenotion/notion-mcp-server,https://github.com/makenotion/notion-mcp-server/issues/176,Distorted Tool Definition,"Tool calls with nested data objects fail because the MCP client sends the nested object as a JSON string, so the server receives a string where the schema expects an object, producing an invalid-arguments error and Zod type validation failure.",open,INC,MCP-Client,Server ,https://github.com/makenotion/notion-mcp-server/pull/180,"Add server-side parameter deserialization that detects stringified JSON values and parses them (recursively) into objects before schema validation, so double-serialized nested parameters from MCP clients are accepted.",src/openapi-mcp-server/mcp/proxy.ts,,
azure-ai-foundry/mcp-foundry,https://github.com/azure-ai-foundry/mcp-foundry/issues/55,Distorted Tool Definition,"Tool get_prototyping_instructions_for_github_and_labs failed when invoked with empty dict because it returned a dict (resource) instead of a string, causing type validation errors on the host side.",closed,UNR,MCP-Server,Server ,https://github.com/azure-ai-foundry/mcp-foundry/pull/58/commits/f2b8074eaa116703b8acd0b6e5b3d1c51aceccee,Fixed return to use `resource['content']` so the tool returns a string (as expected by Host) and invocation succeeds.,src/mcp_foundry/mcp_foundry_model/tools.py:231,,
awslabs/mcp,https://github.com/awslabs/mcp/issues/1001,Server Launch Context Mismatch,Fixed `TypeError` caused by unexpected `title` argument in `FastMCP` initialization; replaced `title` with `name` in the `Cost Explorer MCP Server` initialization.,closed,UNR,MCP-Server,Server ,https://github.com/awslabs/mcp/pull/1008,Replace `title` with `name` in `FastMCP` initialization to align with constructor expectations.,src/cost-explorer-mcp-server/awslabs/cost_explorer_mcp_server/server.py,,
JetBrains/mcp-jetbrains,https://github.com/JetBrains/mcp-jetbrains/issues/69,Non-Actionable Capability Exposure,Server does not implement `resources/list`; callers receive -32601 (Method not found) during discovery.,open,UNR,MCP-Server,Server ,,Implement `resources/list` (and related resource methods) or gate advertising accordingly; align feature flags with actual capabilities.,,,
FoundationAgents/OpenManus,https://github.com/FoundationAgents/OpenManus/issues/1162,Rejected Tool Definition,"The server's `list_files` tool advertised a JSON schema with `type: array` but was missing the required `items` field, causing a `PydanticInvalidJsonSchema` error on the client during tool discovery and schema parsing.",open,UNR|UIX,MCP-Server,Host,,,,,
mindsdb/mindsdb,https://github.com/mindsdb/mindsdb/issues/11122,Non-Actionable Capability Exposure,"The MCP server shows non-deterministic behavior where a previously working query becomes flaky after a failing query, suggesting contaminated session state or resource contention.",closed,INC,MCP-Server,Server ,https://github.com/mindsdb/mindsdb/pull/11218,"PR #11218 updates the MCP server's tool interface (query/list_databases) in start.py: clarifies required context, standardizes ok/table/error responses, and improves error return paths; marked as fixing #11122.",mindsdb/api/mcp/start.py,,
browser-use/browser-use,https://github.com/browser-use/browser-use/issues/2582,Inconsistent Tool-Result Assembly,Successful MCP tool result (ActionResult.extracted_content) isn't injected back into subsequent prompts; agent stalls.,open,INC,MCP-Host,Host,,,,,
daodao97/chatmcp,https://github.com/daodao97/chatmcp/issues/107,Server Launch Context Mismatch,"parameter splicing problem,",closed,INC|UIX,MCP-Server,Server ,,,,,
daodao97/chatmcp,https://github.com/daodao97/chatmcp/issues/101,Rejected Tool Definition,unable to find server tools,closed,INC,MCP-Client,Server ,,switch to STDIO mode,,,
daodao97/chatmcp,https://github.com/daodao97/chatmcp/issues/70,Rejected Tool Definition,"When ChatMCP connects to a FastMCP server in SSE mode, the server rejects client notifications and throws an initialization-order runtime error (“Received request before initialization was complete”), so the SSE session cannot be established and the workflow fail-stops.",closed,UNR,MCP-Client,Server ,,"Fix the client-side session handshake and notification encoding so ChatMCP only sends spec-conformant notification method names (e.g., notifications/initialized) and does not send requests before initialization completes, ensuring FastMCP can complete session initialization in SSE mode. fastmcp/server/server.py handle_sse (error surface) and MCP session receive loop (mcp/shared/session.py)",,,
daodao97/chatmcp,https://github.com/daodao97/chatmcp/issues/69,Inconsistent Tool-Result Assembly,tool call illusions when using deepseek,closed,INC|UIX,MCP-Server,Server ,,,,,
lobehub/lobe-chat,https://github.com/lobehub/lobe-chat/issues/10161,Server Launch Context Mismatch,"unable to connect to MCP server and receiving a ""405 Method Not Allowed"" error",closed,INC|UIX,MCP-Server,Host,,"use the Streamable HTTP endpoint provided by OpenMemory (not the SSE endpoint) and set the plugin type to ""Streamable HTTP"" in LobeChat. Also, make sure the endpoint URL ends with a trailing slash to avoid connection issues 3.",,,
lobehub/lobe-chat,https://github.com/lobehub/lobe-chat/issues/10161,Incompatible Transport Assumption,"LobeChat cannot connect to the OpenMemory MCP server container when creating a custom MCP plugin, and the server logs show a POST request to an SSE endpoint that is rejected with 405 Method Not Allowed, so the server becomes discoverable but not usable from this host.",closed,INC,MCP-Server,Host,,"Add explicit transport compatibility handling by either supporting SSE transport for custom MCP plugins or detecting SSE endpoints and guiding users to a Streamable-HTTP compatible endpoint or gateway, so the host does not attempt an unsupported request pattern and the capability becomes invocable.",,,
lobehub/lobe-chat,https://github.com/lobehub/lobe-chat/issues/8791,Inconsistent Tool-Result Assembly,send button buffers on too many calls,Closed as not planned,INC|UIX,MCP-Host,Host,,,,,
lobehub/lobe-chat,https://github.com/lobehub/lobe-chat/issues/8451,Inconsistent Tool-Result Assembly,github mcp server issue,Closed as not planned,,MCP-Server,Host,,,,,
QwenLM/Qwen-Agent,https://github.com/QwenLM/Qwen-Agent/issues/492,Inconsistent Tool-Result Assembly,logical error in execute_function,closed,INC,MCP-Host,Host,,,,,
lastmile-ai/mcp-agent,https://github.com/lastmile-ai/mcp-agent/issues/523,Server Launch Context Mismatch,MCP app configuration failed,closed,INC,MCP-Host,Host,,,,,
lastmile-ai/mcp-agent,https://github.com/lastmile-ai/mcp-agent/issues/328,Inconsistent Tool-Result Assembly,incorrect handling of tool output of empty list or None ,closed,INC|UIX,MCP-Client,Host,,,,,
lastmile-ai/mcp-agent,https://github.com/lastmile-ai/mcp-agent/issues/302,Inconsistent Tool-Result Assembly,"Bedrock request error when multiple MCP tools are called
",closed,UIX|INC,MCP-Server,Host,,combine multiple tool results into single message,,,
lastmile-ai/mcp-agent,https://github.com/lastmile-ai/mcp-agent/issues/298,Server Launch Context Mismatch,incorrect creation of Agent instance,closed,INC,MCP-Client,Host,,Agent instance must be initialised within async with self.app.run() as running_app:,,,
lastmile-ai/mcp-agent,https://github.com/lastmile-ai/mcp-agent/issues/285,Inconsistent Tool-Result Assembly,JSON Array Return Values Should Preserve Original Structure Instead of Wrapping Each Element,closed,INC|UIX|PRF,MCP-Host,Host,,,,,
daodao97/chatmcp,https://github.com/daodao97/chatmcp/issues/107,Platform-Incorrect Server Launch,"STDIO setup on Windows always fails because of ""system directory""",closed,UNR,MCP-Host,Server ,https://github.com/daodao97/chatmcp/pulls?q=113,Fixed Windows path normalization and system directory checks.,lib/services/stdio_service.dart,,
daodao97/chatmcp,https://github.com/daodao97/chatmcp/issues/104,Inconsistent Tool-Result Assembly,[BUG] Streamable MCP not working,closed,INC,MCP-Client,Server ,https://github.com/daodao97/chatmcp/pulls?q=104,Corrected stream buffering and event parsing logic.,lib/services/mcp_client.dart,,
cursor/cursor,https://forum.cursor.com/t/mcp-integration-with-n8n-not-loading/136245/3,Server Launch Context Mismatch,incorrect mcp.json file being read,Not Resolved,"UIX, PRF",MCP- Host,Host,,,,,
cursor/cursor,https://forum.cursor.com/t/mcp-parameter-validation-fails-for-integer-in-anyof-integer-null-schemas/140969,Rejected Tool Definition,Host fails to validate integer parameters defined inside an anyOf schema,Not Resolved,"INC, UIX",MCP- Host,Host,,,,,
cursor/cursor,https://forum.cursor.com/t/home-assistant-mcp-integration/144904,Server Launch Context Mismatch,unable to call tools,Not Resolved,"INC, UIX",MCP- Client,Host,,,,,
cursor/cursor,https://forum.cursor.com/t/atlassian-mcp-authentication-issues/137550,Unrecoverable MCPServer Session,Incorrect OAuth authentication for remote mcp server,Not Resolved,UIX,MCP- Client,Host,,,,,
cursor/cursor,https://forum.cursor.com/t/mcp-atlassian-server-connected-but-not-responding-to-queries-in-cursor-ai/53672,Non-Actionable Capability Exposure,"Cursor reports the MCP-Atlassian server as connected and lists discovered tools in logs, but user queries in chat/composer do not trigger MCP tool use, so no Confluence data is returned despite an apparently healthy connection and available tools.",Resolved,"UIX, INC",MCP-Host,Host,,"Ensure the MCP-enabled execution path is actually active by default or clearly gated, and surface an explicit UI affordance that MCP tools are only used in Agent mode (or auto-switch / prompt the user), so “connected” status implies actionable tool routing for chat/composer queries.",,,
cursor/cursor,https://forum.cursor.com/t/cursor-agent-unable-to-use-the-huggingface-mcp-tools/144441,Rejected Tool Definition,Broken tool exposure ,Not Resolved,"INC, UIX",MCP -Server,Host,,,,,
cursor/cursor,https://forum.cursor.com/t/cline-and-cursor-have-the-same-mcp-json-configuration-but-cursor-still-cannot-call-mcp-tools/85075,Unscoped Tool Definition Loading,"The user configures identical MCP JSON for Cline and Cursor, but Cursor cannot call MCP tools even though servers appear running, and the same happens for multiple servers (e.g., “talk to Figma” and Milvus)",Resolved,INC,MCP-Host,Host,,Enforce and surface a clear tool-budget control by warning when the total enabled tools exceed the supported limit and by guiding users to disable other servers or scope the enabled tool set so the target server’s tools remain invocable,,,
cursor/cursor,https://forum.cursor.com/t/command-based-mcp-servers-not-exposing-tools-to-ai-assistant/145841,Rejected Tool Definition,Broken tool exposure ,Resolved,"INC, UIX",MCP -Host,Host,,Version update ,,,
cursor/cursor,https://forum.cursor.com/t/mcp-tools-with-name-conflicts-arent-routed-correctly/91168/4,Rejected Tool Definition,ambiguous calls to tools with same name disrupts its exposure,Resolved,"INC, UIX",MCP -Server,Host,,package created to distinguish them with server name followed by namespaced tool name,,,
cursor/cursor,https://forum.cursor.com/t/mcp-client-icon-sizes-incorrectly-validated-as-string-instead-of-array/145029,Rejected Tool Definition,Incorrect validation by client,Not Resolved,"INC, UIX",MCP- Client,Host,,,,,
cursor/cursor,https://forum.cursor.com/t/mcp-servers-are-not-exposed-to-agents/143482,Rejected Tool Definition,Broken tool (and server) exposure ,Resolved,"INC, UIX",MCP -Server,Host,,Version downgrade,,,
cursor/cursor,https://forum.cursor.com/t/not-all-mcp-tools-working-in-cursor-cli-authentication-problem/138775/3,Server Launch Context Mismatch,Unable to expose tools,Not Resolved,INC,MCP- Host,Host,,,,,
cursor/cursor,https://forum.cursor.com/t/mcp-servers-no-tools-found/49094/18,Server Launch Context Mismatch,MCP in Cursor fails when MCP tool times out,Not Resolved,"PRF, INC, UIX",MCP-Server,Host,,make sure the path where you install the server doesn’t contain spaces,,,
cursor/cursor,https://forum.cursor.com/t/mcp-issue-no-tools-or-prompt/125565/2,Inconsistent Tool-Result Assembly,Cursor cannot identify mcp json ,Resolved,"INC, UIX",MCP-Host,Host,,"version upgrade, configuring mcp json",,,
cursor/cursor,https://forum.cursor.com/t/cursor-agent-cli-is-unable-to-trigger-mcp-tool-properly/129387/6,Server Launch Context Mismatch,Cursor can identify mcp json correctly,Resolved,"PRF, INC, UIX",MCP-Host,Host,,configuring MCP service in MCP json,,,
cursor/cursor,https://forum.cursor.com/t/mcp-evaluation-surprising-results-in-cursor/131593?trk=public_post_comment-text,Inconsistent Tool-Result Assembly,"he Cursor Agent CLI fails to detect MCP tools configured in the global mcp.json file, unlike the IDE which loads them correctly.",Resolved,"INC, PRF, UIX",MCP-Host,Host,,,,,
anthropics/claude-code,https://github.com/anthropics/claude-code/issues/15412,Inconsistent Tool-Result Assembly,Claude Code displays structuredContent but ignores the content array.,closed,"INC, UIX",MCP-Host,Host,,,,,
anthropics/claude-code,https://github.com/anthropics/claude-code/issues/9962,Inconsistent Tool-Result Assembly,"Claude Code changed its MCP tool output display between versions, and now prioritizes structuredContent over TextContent when both are returned, which wraps otherwise pretty-printed text output inside a JSON object and significantly reduces human readability.",Closed as not planned,UIX,MCP-Host,Host,,"When both TextContent and structuredContent are present, prioritize TextContent for human-facing display, or provide a clear dual-view (text-first with an optional structured JSON toggle), and document the precedence policy to avoid undocumented breaking changes for servers that intentionally return both fields for compatibility.",,,
anthropics/claude-code,https://github.com/anthropics/claude-code/issues/4427,Inconsistent Tool-Result Assembly,"Claude Code ignores CallToolResult.structuredContent even when the tool declares an outputSchema and returns an empty content list plus non-empty structuredContent, which leads Claude Code to report that the API returned no items despite logs showing the structured payload contains the expected data.",Closed as not planned,INC,MCP-Host,Host,,"When a tool declares outputSchema or when structuredContent is present, Claude Code should consume structuredContent as a first-class observation signal (or merge it with content) rather than treating empty content as an empty result, and it should define a stable precedence policy for content versus structuredContent",,,
cursor/cursor,https://forum.cursor.com/t/mcp-1-0-0-startup-race-condition-causes-no-server-info-found-and-broken-tool-offerings-works-in-0-49/100327,Rejected Tool Definition,"In version 1.0.0, the MCP main server begins handling client requests (like ListOfferings) before all auxiliary sub-servers have finished registering.",Not Resolved,"INC, UIX",MCP-Host,Host,,,,,
eyaltoledano/claude-task-master,https://github.com/eyaltoledano/claude-task-master/issues/1280,Unscoped Tool Definition Loading,"Context bloat, token limits, and configuration bugs across MCP layers.",closed,INC,MCP-Server,Server ,https://github.com/eyaltoledano/claude-task-master/pull/1181,Added configurable MCP tool loading to reduce context usage.,,,
anthropics/claude-code,https://github.com/anthropics/claude-code/issues/11364,Unscoped Tool Definition Loading,"Claude Code currently loads full MCP tool definitions into the model context up front, causing large startup context consumption. The issue proposes deferring tool-definition loading (e.g., fetch-on-first-use / caching) to reduce token overhead and improve efficiency.",closed,,MCP-Host,Host,https://github.com/stancld/rossum-agents/issues/108,,,,
anthropics/claude-code,https://github.com/anthropics/claude-code/issues/12836,Unscoped Tool Definition Loading,Users with many MCP servers (and plugins/agents) pay substantial token cost in every new session because all tool definitions are loaded eagerly. The request proposes a deferred-discovery / deferred-loading mechanism so only needed tools are materialized into context,open,PRF,MCP-Host,Host,,,,,
anthropics/claude-code,https://github.com/anthropics/claude-code/issues/11370,Unscoped Tool Definition Loading,"Claude Code marks an MCP server as disabled, but still injects that server’s tool definitions into the model context. This wastes tokens and also misleads the user/model because the tools appear available, yet invocation fails with “No such tool available.",closed,INC | PRF,MCP-Host,Host,https://github.com/anthropics/claude-code/issues/11370,,,,
anthropics/claude-code,https://github.com/anthropics/claude-code/issues/16856,Unscoped Tool Definition Loading,"After upgrading to Claude Code 2.1.1, the user reports dramatically faster usage/cost consumption (hitting limits much earlier) under similar workflows. This reflects severe efficiency regression in session behavior and token usage.",open,PRF,MCP-Host,Host,,,,,
anthropics/claude-code,https://github.com/anthropics/claude-code/issues/7172,Unscoped Tool Definition Loading,"Claude Code treats MCP servers as heavyweight session-scoped resources and eagerly loads tool schema definitions, inflating context usage. The request proposes runtime management (enable/disable in-session) and on-demand tool schema loading/unloading to reduce overhead.",open,PRF,MCP-Host,Host,,,,,
anthropics/claude-code,https://github.com/anthropics/claude-code/issues/12333,Unscoped Tool Definition Loading,"A fresh Claude Code session starts with extremely high token usage (~80k), consuming a large portion of the context window before meaningful work begins. This reduces usable headroom and accelerates usage exhaustion.",closed,PRF,MCP-Host,Host,,,,,
anthropics/claude-code,https://github.com/anthropics/claude-code/issues/17902,Unscoped Tool Definition Loading,"Claude Code exposes the full tool catalog (native + skills + MCP) at all times, wasting context tokens and increasing the chance of selecting irrelevant/wrong tools. The request proposes dynamic tool introduction and filtering to improve both efficiency and tool-choice correctness.",open,INC | PRF,MCP-Host,Host,,,,,
anthropics/claude-code,https://github.com/anthropics/claude-code/issues/19891,Unscoped Tool Definition Loading,"Claude Code’s /context reports token usage only in coarse buckets, making it hard to identify which MCP servers/tools/hooks/templates dominate startup context. This lack of visibility misleads users and prevents effective optimization of tool-definition overhead.",Closed as not planned / open,PRF,MCP-Host,Host,,,,,
anthropics/claude-code,https://github.com/anthropics/claude-code/issues/12241,Unscoped Tool Definition Loading,“MCP tools and excessive context usage” (tool context ~144k tokens),open,PRF,MCP-Host,Host,,,,,
anthropics/claude-code,https://github.com/anthropics/claude-code/issues/13717,Unscoped Tool Definition Loading,MCP tools consume 50% of context tokens - need consolidation strategies #13717,open,PRF,MCP-Host,Host,,,,,
anthropics/claude-code,https://github.com/anthropics/claude-code/issues/3036,Unscoped Tool Definition Loading,Having multiple MCP servers running Eats into Context Window,closed,PRF,MCP-Host,Host,,,,,
anthropics/claude-code,https://github.com/anthropics/claude-code/issues/7336,Unscoped Tool Definition Loading,Lazy Loading for MCP Servers and Tools (95% context reduction possible),open,PRF,MCP-Host,Host,,,,,
anthropics/claude-code,https://github.com/anthropics/claude-code/issues/6638,Unscoped Tool Definition Loading,"MCP servers are loaded at session start and remain in the context window for the entire session, consuming tokens even when not actively needed. This is particularly problematic for specialized tools like Linear that are heavily used during planning phases but rarely needed during implementation.",open,PRF,MCP-Host,Host,,,,,
anthropics/claude-code,https://github.com/anthropics/claude-code/issues/7328,Unscoped Tool Definition Loading,"MCP servers are loaded at session start and remain in the context window for the entire session, consuming tokens even when not actively needed. This is particularly problematic for specialized tools like Linear that are heavily used during planning phases but rarely needed during implementation.",open,PRF,MCP-Host,Host,,,,,
anthropics/claude-code,https://github.com/anthropics/claude-code/issues/8101,Unscoped Tool Definition Loading,"Configurable MCP Tool Selection to Reduce Context Overhead add the option to not include some of the tools from MCP? Currently, I have 19.3k tokens getting wasted from extra mcp tools. I do want some of the tools from these MCP tools, just not all of them! I'd like to take a fraction so I can free up 15k tokens of context.",closed,PRF,MCP-Host,Host,,,,,
anthropics/claude-code,https://github.com/anthropics/claude-code/issues/16218,Unscoped Tool Definition Loading,"MCP tool definitions are loaded into EVERY context (main agent + all sub-agents spawned via Task()). With many tools across multiple MCP servers, this consumes 15-20% of context capacity before any conversation begins. The current architecture prevents building a ""lightweight orchestrator + heavy specialist"" pattern where: Main agent has minimal tools (~5%) and routes to sub-agents Sub-agents load only their domain-specific tools",open / closed,PRF,MCP-Host,Host,,,,,
anthropics/claude-code,https://github.com/anthropics/claude-code/issues/11370,Unscoped Tool Definition Loading,"Disabled MCP servers still have their tool definitions loaded into Claude's context. When an MCP is added to disabledMcpServers in the config, the console shows it as disabled, but Claude still sees all the tool definitions and they consume context tokens (estimated ~400-650 tokens per MCP depending on complexity).",Closed as not planned / open,PRF,MCP-Host,Host,,,,,
continuedev/continue,https://github.com/continuedev/continue/issues/5753,Non-Atomic Tool Result Handling,"Agent-mode web search fails because the prompt assembly exceeds the context budget, with the reported token breakdown showing extremely large “last user or tool + tool call message” size, which prevents issuing the tool call under the required remaining-token constraint.",closed,INC,MCP-Host,Host,https://github.com/continuedev/continue/pull/6439,"Truncate large agent tool outputs (e.g., web fetch/search, diff, and large directory listings) and surface an explicit truncation warning item so tool results do not balloon the ongoing context and block subsequent tool calls.",core/tools/implementations/lsTool.ts,,
continuedev/continue,https://github.com/continuedev/continue/issues/5899,Non-Atomic Tool Result Handling,"In Agent mode, Continue fails with “Not enough context available to include the system message, last user message, and tools,” and the token breakdown shows contextLength: 8192 with large “last user or tool + tool call message tokens,” causing the request to exceed the configured context budget even though the user expects a much larger context window from their model backend.",closed,PRF,MCP-Host,Host,,"Ensure the host’s context budgeting matches the effective model context window by correctly configuring or auto-detecting contextLength, and add guardrails that reduce output tokens or trim/summarize the assembled prompt when the computed budget is exceeded, so Agent-mode tool use does not fail-stop due to an overly small or incorrect context limit.",,,
continuedev/continue,https://github.com/continuedev/continue/issues/6099,Non-Atomic Tool Result Handling,"The host fails to issue a request because the assembled prompt exceeds the context budget, with the error showing contextLength: 8192 while the “last user or tool + tool call message tokens” alone are ~10678, so the run continues but the tool-enabled step cannot proceed under the “≥1000 tokens remaining” constraint",Closed as not planned,INC,MCP-Host,Host,,"Add strict budgeting for tool call contexts by truncating or summarizing large prior tool outputs and oversized user/tool-call messages before they are carried forward, and by dynamically reducing max output tokens, so the host can keep enough remaining tokens and avoid fail-stop at invocation time.",,,
OpenHands/OpenHands,https://github.com/OpenHands/OpenHands/issues/4838,Unscoped Tool Definition Loading,tool definition description too long → request rejected The API fails because tools[0].function.description exceeds the allowed length (1024 chars). This is literally “tool definition too verbose breaks execution”.,closed,PRF,MCP-Host,Host,https://github.com/OpenHands/OpenHands/pull/4778,,,,
OpenHands/OpenHands,https://github.com/OpenHands/OpenHands/issues/7968,Unscoped Tool Definition Loading,"OpenHands fails when configured to use openai/o4-mini, and the run errors out via the LLM call path, indicating the model is incompatible with the current tool definition formatting; the linked fix notes that o4-mini does not support tool descriptions longer than 1024 tokens, so overly long tool descriptions trigger an API failure and terminate the agent run.",closed,PRF|UNR,MCP-Host,Host,https://github.com/OpenHands/OpenHands/pull/8022,"Shorten tool descriptions for o4-mini by enforcing a strict per-tool description length cap (≤1024 tokens) and using alternate shorter descriptions / renamed variants so the model can accept the tool definitions without API errors, while keeping richer descriptions for models that support them.",,,
OpenHands/OpenHands,https://github.com/OpenHands/OpenHands/issues/4803,Unscoped Tool Definition Loading,"When using GPT-4 tool calling, OpenHands fails with a 400 invalid_request_error because at least one tool’s function.description exceeds the provider’s maximum length of 1024 characters, causing “ContextWindowExceeded / string too long” errors and terminating the run.",closed,PRF|UNR,MCP-Host,Host,https://github.com/OpenHands/OpenHands/pull/4778,"Enforce a strict per-tool description length cap compatible with the provider (≤1024 characters) by shortening or restructuring long tool documentation (e.g., moving long guidance out of per-tool descriptions) so tool schemas are accepted and function-calling requests no longer fail.",openhands/agenthub/codeact_agent/function_calling.py,,
microsoft/autogen,https://github.com/microsoft/autogen/issues/1412,Unscoped Tool Definition Loading,"The reporter asks whether there is a limit on how many tool/function calls can be registered to a single AutoGen agent, including when combined with MemGPT, and implies a scalability concern about registering large tool sets for “AI employees,” but does not provide a concrete failure trace or reproducible bug.",closed,PRF,MCP-Host,Host,,"Document an explicit practical bound driven by model context and tool-schema serialization, and provide host-side controls to keep large tool catalogs usable, such as scoping tools per task/session, lazy loading or on-demand enabling, and clear diagnostics when the tool set is too large for the effective context budget",,,
makenotion/notion-mcp-server,https://github.com/makenotion/notion-mcp-server/issues/111,Unscoped Tool Definition Loading,https://github.com/makenotion/notion-mcp-server/issues/111,open,PRF|UNR,MCP-Host,Server ,,,,,
grafana/mcp-grafana,https://github.com/grafana/mcp-grafana/issues/69,Unscoped Tool Definition Loading,The Grafana MCP server exposes a growing set of tools across multiple Grafana products and services. The tool catalog becomes large enough that the model faces a harder tool-selection problem. This increases prompt token volume. This can reduce accuracy and slow responses. The issue requests tool categorization and dynamic filtering so only relevant tool subsets are exposed.,Closed as not planned / open,PRF,MCP-Host,Host,https://github.com/grafana/mcp-grafana/pull/100,Add an allowlist mechanism for tool categories. Introduce a flag that specifies which tool categories are enabled. Keep per-category disable flags as overrides. Only register tools for categories that are enabled and not disabled. This reduces the tool surface sent to the model and stabilizes future behavior as new tools are added.,cmd/mcp-grafana/main.go7 of 155 rows displayed,,
awslabs/mcp,https://github.com/awslabs/mcp/issues/1185,Unscoped Tool Definition Loading,"AWS MCP servers tend to register all tools by default, even when users only need a subset, which inflates the token footprint of tool definitions and parameter annotations in the model context and can degrade tool selection quality; the RFC proposes a shared utilities package and an environment-variable mechanism to selectively disable tools to reduce context size and security exposure from unnecessary capabilities.",Closed as not planned / open,PRF,MCP-Host,Host,,,,,
All-Hands-AI/OpenHands,https://github.com/OpenHands/OpenHands/issues/10501,Misleading Error Heuristics,"If a valid search result contains the word ""error"" (e.g., in a text snippet), it is misclassified as a failure.",closed,INC|UIX,MCP-Host,Host,,"Update the frontend logic (get-observation-result.ts) to parse the JSON response for MCP events and check the isError boolean flag, rather than relying on substring matching.",,,
firebase/firebase-tools,https://github.com/firebase/firebase-tools/issues/9043,Limited Result Scoping in Tool Definition,Client-side masking for token limits.,open,PRF|INC,MCP-Server,Server ,https://github.com/firebase/firebase-tools/pull/9065,,,,
anthropics/claude-code,https://github.com/anthropics/claude-code/issues/14665,Unscoped Tool Definition Loading,"MCP tool definitions are loaded into the main conversation context even when no tools are used, and this consumes a large fraction of the context budget (e.g., 64.7k tokens / 32.3%), reducing headroom for normal conversation and limiting scalability as more MCP servers are configured.",open,PRF,MCP-Host,Host,,"Add MCP server scoping so tool definitions can be loaded only inside relevant agents (e.g., an agent-only scope or per-agent mcpServers lists), which keeps the main conversation context clean and injects tool definitions only when the corresponding agent is spawned.",,,
anthropics/claude-code,https://github.com/anthropics/claude-code/issues/4002,Non-Atomic Tool Result Handling,"File content exceeds 25,000 token limit.",closed,INC,MCP-Host,Host,,Permanently resolved large file reading limits.,,,
assafelovic/gpt-researcher,https://github.com/assafelovic/gpt-researcher/issues/1480,Inconsistent Tool-Result Assembly,"Retriever ignored structured data, defaulting to raw content",open,UIX|INC,MCP-Client,Host+Server,,,,,
ProfSynapse/nexus,https://github.com/ProfSynapse/nexus/issues/6,Rejected Tool Definition,"Claude Code Compatibility: Invalid Schema Error (oneOf, allOf, anyOf not supported at top level)",closed,,MCP-Client,Host,https://github.com/greirson/mcp-todoist/issues/48,,,,
anthropics/claude-code,https://github.com/anthropics/claude-code/issues/10606,Rejected Tool Definition,[BUG] Strict MCP schema validation in v2.0.21+ breaks working MCPs with no opt-out or migration path,closed as not planned,UNR|UIX,MCP-Client,Host,,,,,
anthropics/claude-code,https://github.com/anthropics/claude-code/issues/5973,Rejected Tool Definition,"Claude Code fails every request with an API 400 because one tool’s input_schema uses oneOf/allOf/anyOf at the top level, which the tool-schema interface rejects, so the host becomes non-functional until the offending tool definition is changed or removed",closed,UNR,MCP-Host,Host,https://github.com/greirson/mcp-todoist/issues/48,,,,
nbonamy/witsy,https://github.com/nbonamy/witsy/issues/410,Unscoped Tool Definition Loading,Cannot enable/disable individual tools within an MCP server,closed,PRF,MCP-Host,Host,,Added UI to toggle specific tools per server,,,
nbonamy/witsy,https://github.com/nbonamy/witsy/issues/366,Inconsistent Tool-Result Assembly,Agents failed to handle MCP tool errors gracefully.,closed,INC|UIX,MCP-Host,Host,,implemented agentic error handling and retry strategies,,,
nbonamy/witsy,https://github.com/nbonamy/witsy/issues/365,Non-Actionable Capability Exposure,Deep Research returned raw internal agent instructions as final output,closed as not planned,INC|UIX,MCP-Host,Host,,,,,
nbonamy/witsy,https://github.com/nbonamy/witsy/issues/315,Platform-Incorrect Server Launch,MCP server launch fails when using Nushell.,closed,INC|UIX,MCP-Host,Host,,Fixed shell command execution to support Nushell.,,,
nbonamy/witsy,https://github.com/nbonamy/witsy/issues/305,Non-Actionable Capability Exposure,Missing support for custom headers in streaming MCP,closed,IES|INC|UIX,MCP-Host,Host,,Added UI to configure custom HTTP headers,,,
nbonamy/witsy,https://github.com/nbonamy/witsy/issues/302,Distorted Tool Definition,LLM fails to recognize or execute configured tools,closed,INC|UIX,MCP-Host,Host,,Clarified configuration requirements for LLM tool usage.,,,
nbonamy/witsy,https://github.com/nbonamy/witsy/issues/293,Platform-Incorrect Server Launch,npx command failed to execute on Windows.,closed,INC|UIX,MCP-Host,Host,,Fixed process execution path and directory handling.,,,
nbonamy/witsy,https://github.com/nbonamy/witsy/issues/248,Server Launch Context Mismatch,Host failed to send tool definitions to Ollama,closed,IES|INC|UIX,MCP-Host,Host,,fiixed payload logic to include tools for Ollama.,,,
nbonamy/witsy,https://github.com/nbonamy/witsy/issues/245,Unscoped Tool Definition Loading,Cannot enable or disable individual MCP tools.,closed,INC,MCP-Host,Host,,Added granular control to toggle specific tools.,,,
nbonamy/witsy,https://github.com/nbonamy/witsy/issues/214,Server Launch Context Mismatch,Ollama models fail to trigger MCP tools.,closed,IES|INC|UIX,MCP-Host,Host,,Fixed tool calling compatibility for Ollama.,,,
nbonamy/witsy,https://github.com/nbonamy/witsy/issues/203,Server Launch Context Mismatch,MCP servers fail to launch on Ubuntu.        ,closed,INC,MCP-Host,Host,,Fixed Linux environment path and execution logic.,,,
nbonamy/witsy,https://github.com/nbonamy/witsy/issues/185,Server Launch Context Mismatch,npx command not found when using NVM environment.,closed,INC,MCP-Host,Host,,Clarified PATH configuration for NVM users.,,,
nbonamy/witsy,https://github.com/nbonamy/witsy/issues/184,Server Launch Context Mismatch,Smithery MCP tools failing with Connection closed error.,closed,UNR,MCP-Host,Host,,Addressed connection stability/configuration for Smithery.,,,
nbonamy/witsy,https://github.com/nbonamy/witsy/issues/179,Rejected Tool Definition,Models fail to detect tools from Karakeep MCP server.,closed,UNR,MCP-Host,Host,,Fixed tool discovery/listing for specific MCP servers.,,,
nbonamy/witsy,https://github.com/nbonamy/witsy/issues/176,Server Launch Context Mismatch,"MCP config UI broken; CWD ignored, settings not saving.",closed,UIX,MCP-Host,Host,,Fixed MCP configuration UI and persistence logic.,,,
nbonamy/witsy,https://github.com/nbonamy/witsy/issues/175,Distorted Tool Definition,Local MCP server connects but tools list as undefined.,closed,UNR,MCP-Host,Host,,Fixed tool definition parsing for local servers.,,,
nbonamy/witsy,https://github.com/nbonamy/witsy/issues/165,Inconsistent Tool-Result Assembly,MCP tools fail to execute when streaming is disabled.Fixed synchronous tool execution logic.,closed,UNR,MCP-Host,Host,,Fixed synchronous tool execution logic.,,,
nbonamy/witsy,https://github.com/nbonamy/witsy/issues/161,Inconsistent Tool-Result Assembly,Local LLMs (vLLM) fail with streaming enabled.,closed,IES,MCP-Host,Host,,added option to disable streaming for compatibility.,,,
nbonamy/witsy,https://github.com/nbonamy/witsy/issues/158,Server Launch Context Mismatch,MCP servers requiring macOS permissions fail to prompt.,closed,INC,MCP-Host,Host,,Clarified permissions handling for local node processes.,,,
nbonamy/witsy,https://github.com/nbonamy/witsy/issues/149,Rejected Tool Definition,MCP tools not injected into Custom Engine system prompts.,closed,IES,MCP-Host,Host,,fixed tool definition injection for Custom Engines.,,,
nbonamy/witsy,https://github.com/nbonamy/witsy/issues/139,Server Launch Context Mismatch,MCP tool execution fails silently or hangs.,closed,UNR,MCP-Host,Host,,Fixed tool execution timeout and error handling.,,,
nbonamy/witsy,https://github.com/nbonamy/witsy/issues/123,Platform-Incorrect Server Launch,Streaming response breaks when tools are used.,closed,INC|UIX,MCP-Host,Host,,Fixed stream parsing logic to handle tool calls.,,,
nbonamy/witsy,https://github.com/nbonamy/witsy/issues/80,Server Launch Context Mismatch,API Key not passed to MCP server environment.,closed,INC|UIX,MCP-Host,Host,,Added environment variable injection for MCP servers.,,,
continuedev/continue,https://github.com/continuedev/continue/issues/6911,Unscoped Tool Definition Loading,"With MCP enabled, Agent mode halts on first tool error instead of recovering/continuing a multi-tool plan.",closed,INC|UIX,MCP-Host,Host,,,,,
lastmile-ai/mcp-agent,https://github.com/lastmile-ai/mcp-agent/issues/179,ConfigurationPlaceholder,"Server launch crashed due to args defaulting to None, causing TypeError during concatenation.",closed,UNR,MCP-Host,Host,https://github.com/lastmile-ai/mcp-agent/commit/8de63b41e877901ef71eb5b1125f31ce697d26f3,Set default `args=[]`.,src/mcp_agent/config.py:64,,
Klavis-AI/klavis,https://github.com/Klavis-AI/klavis/issues/37,Incompatible Transport AssumptionPlaceholder,"When using stdio transport, session.initialize hangs indefinitely even though server is independently startable.",closed,UNR,MCP-Client,Server ,,,,,
microsoft/autogen,https://github.com/microsoft/autogen/issues/6096,Invocation Runtime StabilityPlaceholder,"Client sent unset (null) fields; MCP server rejected payload, adapter wrapped server error in bulky ExceptionGroup, stopping the chat turn",closed,UNR,MCP-Client,Host,https://github.com/microsoft/autogen/commit/6b4a7d4d0d460efa37cbe4110b979dbfce443bb9,Use args.model_dump(exclude_unset=True) and flatten ExceptionGroup via _format_errors().,autogen_ext/tools/mcp/_base.py:70,,
lastmile-ai/mcp-agent,https://github.com/lastmile-ai/mcp-agent/issues/224,Rejected Tool Definition,"GoogleAugmentedLLM used the deprecated/incorrect parameter name (`async_mode`) instead of `use_async`, so async behavior wasn't enabled during requests.",closed,INC|PRF,MCP-Host,Host,https://github.com/lastmile-ai/mcp-agent/pull/224/commits/3930e2b87617f82725984a324d53f8ecb0c739a8,Rename to `use_async=True` and wire through the instructor client.,src/mcp_agent/workflows/llm/augmented_llm_google.py:244-250,,
JetBrains/mcp-jetbrains,https://github.com/JetBrains/mcp-jetbrains/issues/64,Incompatible Transport AssumptionPlaceholder,"Client calls `resources/list`, server returns -32601 (Method not found). Tools are available via `/api/mcp/list_tools`, but resource APIs are not exposed; chat remains stuck in host UI.",open,UNR|UIX,MCP-Server,Server ,,Implement `resources/list` (and related resource endpoints) or gate capability so clients don't call them; verify routing/base-paths and method registration include `resources/*`.,,,
continuedev/continue,https://github.com/continuedev/continue/issues/6509,Unrecoverable MCPServer Session,After several MCP tool calls the UI spins forever; completion/EOF not recognized.,closed,UIX,MCP-Host,Host,,,,,
daodao97/chatmcp,https://github.com/daodao97/chatmcp/issues/104,Inconsistent Tool-Result Assembly,incompatible with Streamable mcp, closed,INC|UIX,MCP-Server,Server ,,,,,
nbonamy/witsy,https://github.com/nbonamy/witsy/issues/488,Invocation Runtime StabilityPlaceholder,failure to execute search queries when orchestrating a Deep Research workflow.,closed,INC|UIX,MCP-Host,Host,,,,,
assafelovic/gpt-researcher,https://github.com/assafelovic/gpt-researcher/issues/1523,Unrecoverable MCPServer Session,MCP Server loses configuration during follow-up questions,open,UIX|INC,MCP-Host,Host+Server,,,,,
assafelovic/gpt-researcher,https://github.com/assafelovic/gpt-researcher/issues/1391,Incompatible Transport AssumptionPlaceholder,Feature request to integrate Model Context Protocol support,open,UIX|INC,MCP-Host,Host+Server,,,,,
nbonamy/witsy,https://github.com/nbonamy/witsy/issues/398,ConfigurationPlaceholder,Host lacked support for OAuth-protected streaming MCP servers,closed,IES|INC|UIX,MCP-Host,Host,,Implemented OAuth authentication flow for HTTP transport,,,
nbonamy/witsy,https://github.com/nbonamy/witsy/issues/371,Non-Atomic Tool Result Handling,Deep Research downloaded PDFs instead of reading content.,closed,INC|UIX,MCP-Host,Host,,Fixed logic to read PDF content directly,,,
nbonamy/witsy,https://github.com/nbonamy/witsy/issues/339,Invocation Runtime StabilityPlaceholder,Lack of support for Agent-to-Agent (A2A) protocol,closed,IES|INC|UIX,MCP-Host,Host,,implemented support for A2A protocol integration.,,,
nbonamy/witsy,https://github.com/nbonamy/witsy/issues/310,Invocation Runtime StabilityPlaceholder,Limited native search provider options (only Tavily/Google).,closed,UIX|INC,MCP-Host,Host,,Added support for additional search providers.,,,
nbonamy/witsy,https://github.com/nbonamy/witsy/issues/225,Limited Result Scoping in Tool Definition,MCP description character limit truncates documentation.,closed,IES|INC|UIX,MCP-Host,Host,,Increased character limits for tool descriptions.,,,
nbonamy/witsy,https://github.com/nbonamy/witsy/issues/191,ConfigurationPlaceholder,"""Tool not found"" error prevents MCP execution.",closed,UNR,MCP-Host,Host,,Fixed tool registration and ID generation logic.,,,
nbonamy/witsy,https://github.com/nbonamy/witsy/issues/137,Unscoped Tool Definition Loading,"""Tool not found"" error when switching models.",closed,IES|INC|UIX,MCP-Host,Host,,Persisted tool registration across model context switches.,,,
nbonamy/witsy,https://github.com/nbonamy/witsy/issues/109,Non-Actionable Capability Exposure,MCP server fails to launch on Windows/Linux.,closed,INC,MCP-Host,Host,,Fixed path resolution for cross-platform server spawning.,,,
ThinkInAIXYZ/deepchat,https://github.com/ThinkInAIXYZ/deepchat/issues/663,Server Launch Context Mismatch,Custom MCP server fails with connection closed error.,closed,INC|UIX,MCP-Host,Host,,Closed as not reproducible; likely config issue.,,,
ThinkInAIXYZ/deepchat,https://github.com/ThinkInAIXYZ/deepchat/issues/148,Invocation Runtime StabilityPlaceholder,Chat context/history not preserved between queries.,closed,IES,MCP-Host,Host,,Fixed conversation history context management logic.,,,
Ejb503/multimodal-mcp-client,https://github.com/Ejb503/multimodal-mcp-client/issues/1,Invocation Runtime StabilityPlaceholder,Voice recording fails when MCP server is active.,closed,UIX|INC,MCP-Host,Host,,Fixed state conflict between voice and MCP.,,,
continuedev/continue,https://github.com/continuedev/continue/issues/6911,Unscoped Tool Definition Loading,"With MCP enabled, Agent mode halts on first tool error instead of recovering/continuing a multi-tool plan.",closed,INC|UIX,MCP-Host,Host,,,,,multi-tool-parallel
anthropics/claude-code,https://github.com/anthropics/claude-code/issues/6320,Unscoped Tool Definition Loading,"Claude Code supports a deny list for MCP tools, but the /context command shows that permanently denied MCP tools are still injected into the model context, which wastes context budget and may expose capabilities or sensitive tool prompts that the user intended to block.",Closed as not planned,IES | PRF,MCP-Host,Host,,,,,
nbonamy/witsy,https://github.com/nbonamy/witsy/issues/282,Unrecoverable MCPServer Session,"UI freezes on ""Personalizing"" with no cancel option.",closed,INC|UIX,MCP-Host,Host,,Fixed UI hang and added request cancellation.,,,
FoundationAgents/OpenManus,https://github.com/FoundationAgents/OpenManus/issues/1099,ConfigurationPlaceholder,"Host's MCPAgent assumed a single `MCPClients.session`, but the manager exposes `sessions` (plural); AttributeError during tool refresh/cleanup blocked startup.",closed,UNR,Host,Host,https://github.com/FoundationAgents/OpenManus/commit/3d03b582893b1ce4836780ee360466bcf6b2a912,Update MCPAgent to use `MCPClients.sessions` (plural): select an available session and replace all `self.mcp_clients.session` uses in `_refresh_tools` and `cleanup` to support multi-session.,app/agent/mcp.py,,
anthropics/claude-code,https://github.com/anthropics/claude-code/issues/3406,Unscoped Tool Definition Loading,"Claude Code eagerly injects all built-in tool descriptions plus all configured MCP tool descriptions into the model context immediately after the first user message, even for trivial queries, causing a persistent 10k–20k token overhead per new conversation and reducing available context budget while increasing cost and latency.",closed,PRF,MCP-Host,Host,,"--disallowedTools CLI flag, or in settings.json",,,
cursor/cursor,https://forum.cursor.com/t/cursor-cli-hangs-when-connected-to-command-mcp/129695,Misleading Error Heuristics,"Cursor CLI loads an MCP server via command transport and prints a success result, but the process then hangs and does not exit, which blocks automation; the report also shows host-side result wrapping that derives isError from the presence of a non-spec error field rather than from the structured tool-result status",closed,INC|UIX,MCP-Host,Host,,"Close command-transport MCP subprocess handles after the agent loop completes, and derive the host-visible error status from the protocol’s structured status field (e.g., isError) rather than from ad-hoc presence checks over error/text content.",,,
anthropics/claude-code,https://github.com/anthropics/claude-code/issues/15060,Misleading Error Heuristics,"Write tools in Claude Desktop return success for Filesystem:write_file and Filesystem:create_directory, but no files or directories are created on disk, and the same “success but no side effect” behavior is also observed for bash_tool, so the user is misled into believing the workflow completed even though the filesystem state did not change and write-driven workflows become unusable.",open,INC|UIX,MCP-Host,Host,
anthropics/claude-code,https://github.com/anthropics/claude-code/issues/15240,Misleading Error Heuristics,"When multiple subagents are spawned in parallel via the Task tool, some subagents emit <write_file> tool tags and appear to complete normally, but their file writes do not persist and the expected files are missing on disk, despite identical tool permissions and dangerouslySkipPermissions: true, which forces the user to re-run the work in the main chat and doubles token usage.",open,INC|UIX,MCP-Host,Host,